language_label,accuracy_pct
RO,60.23668639053255
EN,59.88165680473373
HU,63.19526627218935
RU,68.16568047337279
