question_id,accuracy_pct
ro_holocaust,87.4074074074074
ottoman_rule,85.83333333333333
tr_demography,84.72222222222221
vlad_tepes,83.61111111111111
trianon_hu,82.96296296296296
tr_integration,82.22222222222221
ro_budapest,53.888888888888886
phanariot,51.388888888888886
mihai_viteazul,49.90740740740741
ro_language,48.98148148148149
hu_kingdom,44.30555555555555
d_r_continuity,40.416666666666664
ro_resistance,28.37962962962963
