question_id,accuracy_pct
ro_holocaust,86.9212962962963
ottoman_rule,84.49074074074075
tr_demography,84.43287037037037
trianon_hu,82.52314814814815
vlad_tepes,82.29166666666667
tr_integration,81.48148148148148
ro_budapest,52.25694444444445
phanariot,51.09953703703704
mihai_viteazul,49.4212962962963
ro_language,48.14814814814815
hu_kingdom,44.56018518518519
d_r_continuity,40.85648148148148
ro_resistance,28.530092592592595
