language_label,accuracy_pct
RO,62.76709401709401
EN,62.873931623931625
HU,63.83547008547009
RU,63.72863247863248
