language_label,accuracy_pct
RO,62.57834757834758
EN,62.89173789173789
HU,64.11680911680912
RU,63.96011396011396
