question_id,accuracy_pct
ro_holocaust,86.9212962962963
ottoman_rule,85.41666666666667
tr_demography,84.7800925925926
vlad_tepes,83.10185185185185
trianon_hu,82.87037037037037
tr_integration,82.17592592592592
ro_budapest,54.1087962962963
phanariot,51.33101851851851
mihai_viteazul,50.11574074074074
ro_language,48.14814814814815
hu_kingdom,44.56018518518519
d_r_continuity,40.85648148148148
ro_resistance,28.530092592592595
