language_label,accuracy_pct
RO,62.30413105413106
EN,62.55341880341881
HU,63.12321937321938
RU,63.40811965811965
