question_id,accuracy_pct
ottoman_rule,99.03846153846153
ro_holocaust,95.1923076923077
trianon_hu,89.90384615384616
tr_integration,80.28846153846153
vlad_tepes,78.36538461538461
tr_demography,77.40384615384616
ro_language,70.67307692307692
mihai_viteazul,70.1923076923077
d_r_continuity,47.11538461538461
hu_kingdom,34.13461538461539
phanariot,29.807692307692307
ro_budapest,26.442307692307693
ro_resistance,22.115384615384617
