language_label,accuracy_pct
RO,62.12250712250712
EN,62.578347578347575
HU,63.11965811965812
RU,63.67521367521367
