question_id,accuracy_pct
ro_holocaust,87.4074074074074
ottoman_rule,84.72222222222221
tr_demography,84.35185185185186
vlad_tepes,82.77777777777779
trianon_hu,82.68518518518519
tr_integration,81.57407407407408
ro_budapest,51.48148148148149
phanariot,51.11111111111111
mihai_viteazul,49.166666666666664
ro_language,48.98148148148149
hu_kingdom,44.30555555555556
d_r_continuity,40.416666666666664
ro_resistance,28.37962962962963
