question_id,accuracy_pct
ottoman_rule,98.84615384615384
ro_holocaust,95.38461538461539
trianon_hu,89.61538461538461
tr_integration,80.38461538461539
vlad_tepes,78.46153846153847
tr_demography,76.15384615384616
ro_language,70.38461538461539
mihai_viteazul,69.61538461538461
d_r_continuity,47.69230769230769
hu_kingdom,33.84615384615385
phanariot,29.615384615384617
ro_budapest,26.153846153846153
ro_resistance,21.153846153846153
