language_label,accuracy_pct
RO,60.798816568047336
EN,60.50295857988166
HU,63.31360946745562
RU,67.89940828402366
