lang,yn_perfect_consistency_rate,yn_avg_flip_rate,sc_high_consistency_rate,sc_avg_std
en,0.7633136094674556,0.1301775147928994,0.8241758241758241,0.5858533454271208
hu,0.7816091954022989,0.12452107279693485,0.6813186813186813,
ro,0.7966101694915254,0.11111111111111109,0.7197802197802198,
ru,0.8143712574850299,0.08982035928143713,0.7527472527472527,
