lang,yn_perfect_consistency_rate,yn_avg_flip_rate,sc_high_consistency_rate,sc_avg_std
en,0.7527472527472527,0.13736263736263737,0.8131868131868132,0.5919637420903763
hu,0.7527472527472527,0.14835164835164832,0.6648351648351648,0.8693333481379384
ro,0.7802197802197802,0.12820512820512822,0.7087912087912088,0.743268381614254
ru,0.8076923076923077,0.09523809523809525,0.7362637362637363,0.698512619525549
