qid,sensitivity
d_r_continuity,0.23619443493569367
hu_kingdom,0.21551405325443784
phanariot,0.18702719434799855
ro_language,0.1838271601164958
ceausescu,0.18006227628022498
ro_budapest,0.1651438198553583
mihai_viteazul,0.16492603550295856
ro_resistance,0.15350952708907253
tr_demography,0.13272229421704948
vlad_tepes,0.12035123966942149
tr_integration,0.10452833879407304
ro_holocaust,0.03550295857988164
trianon_hu,0.03472222222222222
ottoman_rule,0.0
