qid,sensitivity
d_r_continuity,0.23619443493569367
hu_kingdom,0.21338757396449703
phanariot,0.19097222222222224
ro_resistance,0.1875
ro_language,0.18632346189164373
mihai_viteazul,0.16492603550295856
tr_demography,0.16052596636075658
ceausescu,0.1599814171842144
tr_integration,0.13998239522715047
ro_budapest,0.12262943786982249
vlad_tepes,0.11788337924701561
trianon_hu,0.08847222222222223
ro_holocaust,0.08714455950032873
ottoman_rule,0.03550295857988164
