lang,yes_agree_rate
en,0.9647058823529412
hu,0.9024390243902439
ro,0.9523809523809523
ru,0.9479768786127167
