lang,scale_mad
en,0.5302197802197802
hu,0.8695054945054945
ro,0.8145604395604396
ru,0.7293956043956044
