lang,scale_mad
en,0.5906593406593407
hu,0.967948717948718
ro,0.8214285714285714
ru,0.7710622710622711
