lang,yes_agree_rate
en,0.9570552147239264
hu,0.9146341463414634
ro,0.9642857142857143
ru,0.950920245398773
